<?xml version="1.0" encoding="utf-8"?>
<Toc Version="2" MinorVersion="0">
	<Application>
		<Class Name="Os">
			<Folder Name="Brm" ProjectDependent="1" IgnoreDifference="0">
				<File Name="@cfPP065.br" Size="4604" HashValue="99C893D5ED6BB8DA4FFD62172FE86AD2" ProjectDependent="1" IgnoreDifference="0" />
				<File Name="@sbPP065.br" Size="2544" HashValue="2332405D940F34226F023B55347CE100" ProjectDependent="1" IgnoreDifference="0" />
			</Folder>
			<Folder Name="System" ProjectDependent="1" IgnoreDifference="0">
				<Folder Name="BASE" ProjectDependent="1" IgnoreDifference="0">
					<Folder Name="COMPONENTS" ProjectDependent="1" IgnoreDifference="0">
						<File Name="ArLcTextP.br" Size="535848" HashValue="1E5EBEB4C21B4265E6B63DF9B094705C" ProjectDependent="1" IgnoreDifference="0" />
						<File Name="unitsys.br" Size="476256" HashValue="5FA2D7558ECEBE5F6379339027C94F61" ProjectDependent="1" IgnoreDifference="0" />
					</Folder>
					<Folder Name="FW" ProjectDependent="1" IgnoreDifference="0">
						<File Name="0030#0.bl.gz" Size="34359" HashValue="1D1B1F62236BEE99451F8894E34C5D5F" ProjectDependent="1" IgnoreDifference="0" />
						<File Name="43363_32.fw.gz" Size="427666" HashValue="F4E1D03E8AA7F9D978B334079993C1B1" ProjectDependent="1" IgnoreDifference="0" />
						<File Name="43364_64.fw.gz" Size="503856" HashValue="13F7F6A7074167695B11EA04303CEFBD" ProjectDependent="1" IgnoreDifference="0" />
						<File Name="43364a0.epl.gz" Size="41448" HashValue="D2110C874D122DA6D39A8A36883026B6" ProjectDependent="1" IgnoreDifference="0" />
						<File Name="45232_32.fw.gz" Size="432235" HashValue="ACF1E57A57D553FD805D06E34D661AFA" ProjectDependent="1" IgnoreDifference="0" />
						<File Name="45232_64.fw.gz" Size="515186" HashValue="CDBD34A7F6B66DB77CBD73C6B3642884" ProjectDependent="1" IgnoreDifference="0" />
						<File Name="45243_32.fw.gz" Size="448858" HashValue="B9FAF5A824E332D6593380ADC747192B" ProjectDependent="1" IgnoreDifference="0" />
						<File Name="45243_64.fw.gz" Size="540368" HashValue="C77FDB2CB89B01BB78F028EFAF764B65" ProjectDependent="1" IgnoreDifference="0" />
						<File Name="45244_32.fw.gz" Size="440405" HashValue="61266CF4CF465084332B13F301411D5C" ProjectDependent="1" IgnoreDifference="0" />
						<File Name="45244_64.fw.gz" Size="527098" HashValue="637D1EC72F1ABEB48C1E9394E728B249" ProjectDependent="1" IgnoreDifference="0" />
						<File Name="45245_32.fw.gz" Size="450418" HashValue="250534A417A9EC1E39C3E1D57586D7A2" ProjectDependent="1" IgnoreDifference="0" />
						<File Name="45245_64.fw.gz" Size="535559" HashValue="CACEB987CB66093002C6524A52C5ADE7" ProjectDependent="1" IgnoreDifference="0" />
					</Folder>
					<Folder Name="HWD" ProjectDependent="1" IgnoreDifference="0">
						<File Name="AsHwd4xxx.xml.gz" Size="13376" HashValue="C4EE3EFDC4A0C2524D8017C6B833E2B4" ProjectDependent="1" IgnoreDifference="0" />
						<File Name="AsHwdhw_upl.xml.gz" Size="15579" HashValue="145945DDC0CE54119AD5AAC6DE2D238D" ProjectDependent="1" IgnoreDifference="0" />
					</Folder>
				</Folder>
				<Folder Name="DKM" ProjectDependent="1" IgnoreDifference="0">
					<File Name="dkm_gdbserver_brelf.out" Size="208332" HashValue="ABE47D3A3ADA42145F9531B8DE846447" ProjectDependent="1" IgnoreDifference="0" />
					<File Name="dkm_gdbserver_ipa.out" Size="59500" HashValue="AEBD5990E38626CC0D12468DF13B81A1" ProjectDependent="1" IgnoreDifference="0" />
					<File Name="dkm_opcua.out.gz" Size="704445" HashValue="C83A085FE5A31E3F16D82732818CC496" ProjectDependent="1" IgnoreDifference="0" />
					<File Name="dkm_rbac.out" Size="23207" HashValue="2DCCDA46E29A5760338F44E0A5F11F2F" ProjectDependent="1" IgnoreDifference="0" />
					<File Name="dkm_scm.out" Size="115896" HashValue="EB5413027A9C5A0F70A5E23EBB6DB5E5" ProjectDependent="1" IgnoreDifference="0" />
					<File Name="dkms.xml" Size="475" HashValue="550D5EACBBAE1A79E29BCC28EEC3FDE3" ProjectDependent="1" IgnoreDifference="0" />
				</Folder>
				<Folder Name="SDM" ProjectDependent="1" IgnoreDifference="0">
					<File Name="arsdm.tar.gz" Size="522504" HashValue="58A09B6ADBB2C007DA4C3E896372397C" ProjectDependent="1" IgnoreDifference="0" />
				</Folder>
				<Folder Name="TOC" ProjectDependent="1" IgnoreDifference="0">
					<File Name="ftoc.xml" Size="418" HashValue="9C9A9DC4B66B6B912AD3E9CD202BF1B7" ProjectDependent="1" IgnoreDifference="0" />
				</Folder>
				<Folder Name="WEBSERV" ProjectDependent="1" IgnoreDifference="0">
					<File Name="webserv.br" Size="108844" HashValue="B0FDCC9A1564C16D28A409838E3BB1C3" ProjectDependent="1" IgnoreDifference="0" />
				</Folder>
			</Folder>
		</Class>
		<Memory Name="SYSROM">
			<Module Name="::$$sysconf" Type="129" Size="67316" Modified="2025-09-26 15:39:02" Version="4.52" ProjectDependent="1" Reboot="1" />
			<Module Name="::TCData" Type="209" Size="3733048" Modified="2025-09-26 15:02:24" Version="1.00" ProjectDependent="1" />
			<Module Name="::arconfig" Type="132" Size="2216" Modified="2025-09-26 15:02:22" Version="1.00" ProjectDependent="1" Reboot="1" />
			<Module Name="::asfw" Type="67" Size="128" Modified="2025-09-26 15:02:22" Version="1.00" ProjectDependent="1" Reboot="1" />
			<Module Name="::ashwd" Type="67" Size="1340" Modified="2025-09-26 15:02:22" Version="1.00" ProjectDependent="1" Reboot="1" />
		</Memory>
		<Memory Name="USERROM">
			<Module Name="::MotorContr" Type="18" Size="1580" Modified="2025-09-26 16:02:47" Version="1.00" ProjectDependent="1" />
			<Module Name="::Program" Type="17" Size="2768" Modified="2025-09-26 16:02:47" Version="1.00" ProjectDependent="1" />
			<Module Name="::Role" Type="136" Size="760" Modified="2025-09-26 15:02:22" Version="1.00" ProjectDependent="1" />
			<Module Name="::User" Type="136" Size="648" Modified="2025-09-26 15:02:22" Version="1.00" ProjectDependent="1" />
			<Module Name="::ashwac" Type="136" Size="212" Modified="2025-09-26 15:02:22" Version="1.00" ProjectDependent="1" />
			<Module Name="::iomap" Type="50" Size="2668" Modified="2025-09-26 15:02:22" Version="1.00" ProjectDependent="1" />
			<Module Name="::udbdef" Type="210" Size="70264" Modified="2014-04-10 10:00:00" Version="0.01" ProjectDependent="1" />
		</Memory>
	</Application>
</Toc>
