<?xml version="1.0" encoding="utf-8"?>
<Toc Version="2" MINORVERSION="0">
	<Application>
		<Class Name="Os">
			<File Name="arsimproxy.dll" Size="157184" HashValue="34F7523C68A4F3AC9D442857701950E0" ProjectDependent="1"/>
			<File Name="InaFrms.dll" Size="98304" HashValue="BCBB8AB4B7168E2BB538CF86E5B742A3" ProjectDependent="1"/>
			<Folder Name="Brm">
				<File Name="@cfAR000.br" Size="4340" HashValue="D80493C1DA217C7CC3B000C8B7246A7F" ProjectDependent="1"/>
				<File Name="@sbAR000.br" Size="2292" HashValue="A9FA4B8419F431C2BFB98EA443FF8301" ProjectDependent="1"/>
			</Folder>
			<Folder Name="System">
				<Folder Name="BASE">
					<Folder Name="COMPONENTS">
						<File Name="ArLcTextP.br" Size="535848" HashValue="1E5EBEB4C21B4265E6B63DF9B094705C" ProjectDependent="1"/>
						<File Name="unitsys.br" Size="476256" HashValue="5FA2D7558ECEBE5F6379339027C94F61" ProjectDependent="1"/>
					</Folder>
					<Folder Name="HWD">
						<File Name="AsHwdhw_upl.xml.gz" Size="15579" HashValue="145945DDC0CE54119AD5AAC6DE2D238D" ProjectDependent="1"/>
						<File Name="AsHwdSimulation.xml.gz" Size="12026" HashValue="C459B70B3323EF68F72FF880F6300DAF" ProjectDependent="1"/>
					</Folder>
				</Folder>
				<Folder Name="SDM">
					<File Name="arsdm.tar.gz" Size="522504" HashValue="774F46271DEEEC01ECBAF24442F11938" ProjectDependent="1"/>
				</Folder>
				<Folder Name="TOC">
					<File Name="ftoc.xml" Size="821" HashValue="F83AEC703141D083AB19580424BF781A" ProjectDependent="1"/>
				</Folder>
				<Folder Name="WEBSERV">
					<File Name="webserv.br" Size="108844" HashValue="B0FDCC9A1564C16D28A409838E3BB1C3" ProjectDependent="1"/>
				</Folder>
			</Folder>
		</Class>
	</Application>
</Toc>