<?xml version="1.0" encoding="utf-8"?>
<TOC>
	<ITEM ID="FILE" NAME="AR000.exe" DIR="" OS="1" HASH="" HASHVALUE="3F216F672F9222AEBA26115D0DDE3361" SIZE="6120032" MODIFIED="2018-12-05 23:57:18" WRITECMD="3"/>
	<ITEM ID="FILE" NAME="AR000Debug.exe" DIR="" OS="1" HASH="" HASHVALUE="9AA3AD473ADBB7D455BA9A10D8CAD9F6" SIZE="62560" MODIFIED="2018-12-05 23:57:18" WRITECMD="3"/>
	<ITEM ID="FILE" NAME="ar000loader.exe" DIR="" OS="1" HASH="" HASHVALUE="FBA57034C60211B860D8BA3AE0AFA114" SIZE="3426400" MODIFIED="2018-12-05 23:57:18" WRITECMD="3"/>
	<ITEM ID="FILE" NAME="ar000stop.exe" DIR="" OS="1" HASH="" HASHVALUE="A5B25105DD545EED5CD6DE29C91DA071" SIZE="16992" MODIFIED="2018-12-05 23:57:18" WRITECMD="3"/>
	<ITEM ID="FILE" NAME="arUpd.bat" DIR="" OS="1" HASH="" HASHVALUE="0503FA0EA6E89C381DB4F0A593073062" SIZE="1124" MODIFIED="2018-12-05 23:57:18" WRITECMD="3"/>
	<ITEM ID="FILE" NAME="InaFrm.dll" DIR="" OS="1" HASH="" HASHVALUE="3DEEAB31E0CF16086A7F6BFCB99C22BF" SIZE="73728" MODIFIED="2018-12-05 23:57:18" WRITECMD="3"/>
	<ITEM ID="FILE" NAME="Packet.dll" DIR="" OS="1" HASH="" HASHVALUE="8311123D9587273202671A5B8634C9F3" SIZE="90112" MODIFIED="2018-12-05 23:57:18" WRITECMD="3"/>
	<ITEM ID="FILE" NAME="PviLog.dll" DIR="" OS="1" HASH="" HASHVALUE="E5ED364ACA28CB656437ADA36FAC0F5B" SIZE="106543" MODIFIED="2018-12-05 23:57:18" WRITECMD="3"/>
	<ITEM ID="FILE" NAME="wpcap.dll" DIR="" OS="1" HASH="" HASHVALUE="A356ACA4C981AADE2173331BCDB3587A" SIZE="274432" MODIFIED="2018-12-05 23:57:18" WRITECMD="3"/>
	<ITEM ID="FILE" NAME="fscfg.xml" DIR="System/TOC" OS="1" HASH="" HASHVALUE="D170C6DA32DCE485C188D306314D91FE" SIZE="5871" MODIFIED="2018-12-05 23:57:18"/>
</TOC>