﻿<?xml version="1.0" encoding="utf-8" standalone="yes"?>
<Parameters>
  <Connection>
    <DeviceParameters>/IF=tcpip /LOPO=11159 /SA=1</DeviceParameters>
    <ConnectionParameters>/AM=* /DAIP=10.0.1.11 /REPO=11159 /ANSL=1 /PT=11169</ConnectionParameters>
  </Connection>
  <AsProject>
    <ApjFullFileName>C:\KRBO0222\lab1_pomer_xhto\lab1_pomer_xhto.apj</ApjFullFileName>
    <ProjectName>lab1_pomer_xhto</ProjectName>
    <ActiveConfigurationName>Config1</ActiveConfigurationName>
    <LicenseDataFolder>C:\KRBO0222\lab1_pomer_xhto\Temp\Objects\Config1\4PP065_0571_P74</LicenseDataFolder>
  </AsProject>
  <General>
    <DeleteParameterFile>false</DeleteParameterFile>
  </General>
</Parameters>