<?xml version="1.0" encoding="utf-8"?>
<?AutomationRuntimeIOSystem Version="1.0"?>
<IO xmlns="http://www.br-automation.com/AR/IO">
<Links>
<LN ID="%ID.SerialNumber" Type="UDINT">
<Prod Device="$root" DPName="SerialNumber" Kind="io"/>
</LN>
<LN ID="%IW.ModuleID" Type="UINT">
<Prod Device="$root" DPName="ModuleID" Kind="io"/>
</LN>
<LN ID="%ID.PowerOnCycles" Type="UDINT">
<Prod Device="$root" DPName="PowerOnCycles" Kind="io"/>
</LN>
<LN ID="%ID.OperatingHoursPP" Type="UDINT">
<Prod Device="$root" DPName="OperatingHoursPP" Kind="io"/>
</LN>
<LN ID="%IB.BatteryStatusCPU" Type="USINT">
<Prod Device="$root" DPName="BatteryStatusCPU" Kind="io"/>
</LN>
<LN ID="%IW.TemperatureCPU" Type="UINT">
<Prod Device="$root" DPName="TemperatureCPU" Kind="io"/>
</LN>
<LN ID="%IW.TemperatureENV" Type="UINT">
<Prod Device="$root" DPName="TemperatureENV" Kind="io"/>
</LN>
<LN ID="%ID.SystemTime" Type="DINT">
<Prod Device="$root" DPName="SystemTime" Kind="io"/>
</LN>
<LN ID="%IX.IF4.LinkOk" Type="BOOL">
<Prod Device="$root" DPName="IF4.LinkOk" Kind="io"/>
</LN>
<LN ID="%IB.IF4.NodeNumber" Type="USINT">
<Prod Device="$root" DPName="IF4.NodeNumber" Kind="io"/>
</LN>
<LN ID="%IX.IF4.CycleOk" Type="BOOL">
<Prod Device="$root" DPName="IF4.CycleOk" Kind="io"/>
</LN>
<LN ID="%IX.IF4.SyncOk" Type="BOOL">
<Prod Device="$root" DPName="IF4.SyncOk" Kind="io"/>
</LN>
<LN ID="%ID.IF4.TimeSeconds" Type="UDINT">
<Prod Device="$root" DPName="IF4.TimeSeconds" Kind="io"/>
</LN>
<LN ID="%ID.IF4.TimeNanoseconds" Type="UDINT">
<Prod Device="$root" DPName="IF4.TimeNanoseconds" Kind="io"/>
</LN>
<LN ID="%ID.IF4.NettimeSoC" Type="DINT">
<Prod Device="$root" DPName="IF4.NettimeSoC" Kind="io"/>
</LN>
<LN ID="%ID.IF4.NettimeOffset" Type="DINT">
<Prod Device="$root" DPName="IF4.NettimeOffset" Kind="io"/>
</LN>
<LN ID="%ID.IF4.CycleCount" Type="UDINT">
<Prod Device="$root" DPName="IF4.CycleCount" Kind="io"/>
</LN>
<LN ID="%ID.IF4.FailedCycleCount" Type="UDINT">
<Prod Device="$root" DPName="IF4.FailedCycleCount" Kind="io"/>
</LN>
<LN ID="%ID.IF4.CycleTimeViolationCount" Type="UDINT">
<Prod Device="$root" DPName="IF4.CycleTimeViolationCount" Kind="io"/>
</LN>
<LN ID="%ID.IF4.CycleIdleTime" Type="UDINT">
<Prod Device="$root" DPName="IF4.CycleIdleTime" Kind="io"/>
</LN>
<LN ID="%ID.IF4.CycleCongestionCount" Type="UDINT">
<Prod Device="$root" DPName="IF4.CycleCongestionCount" Kind="io"/>
</LN>
<LN ID="%IB.IF5.NodeSwitch" Type="USINT">
<Prod Device="$root" DPName="IF5.NodeSwitch" Kind="io"/>
</LN>
</Links></IO>
